711,AGCGCTCATCCGCCATAG,GCGAAATCAAAGAGTCTCGG
363,GAAAGCTTGAAGGTCGAACG,GTTCTCGAACTTGTCGAGGC
705,GTACAGTTTAGCAGGGCGGA,TAGGGAAGCTGAGTGTTGGG
Rw12J12,CAGTGTCCATGCTGACGAGT,TGCTCCTGTTTTCTCTTTGCT
Rw55E12,CGGTGGTTGGACATTAAAGC,GGAGGCAACAGCACACTCTC
354,TAGAGCCGAAACCAGTTGCT,GAGGCGTGAACGAACTAAGC
380,CTTCACCACCCCTTCAAAAA,GGATGGCAACTTTGTTCGAT
CL2002,GAAGCAGGGAAGATCCATGA,GGCCCAATGCTCACACTAAT
H2F12,TGGCCAACCTCTCTCTGTCT,TCCCAGCTTCGCTTTGTTAT
RhAB9-2,GTCAATTTGTGCATAAGCTC,GTGAGAACAGATGAGAAATG
Rw59A12,GGAAGGTGCGTATGCAAAAT,GAGAGGCTCATGCGCTTTAT
RhABT12,CAAGTTTGTCTCCTTGGACC,CATAGATGATTATCCTAGAGCC
Rh65,AGTACGCCGACGCAGATCCAGTGA,ACGGCGTTGTAGGTCGTCATTCTC
608,TCCTCGACAACCCTAACGTC,ACGGACTTTTGTTGAATGGC
C172,ACAACACCAACTAGAACTTGAGC,GCTCAACAGCAACAACCTCA
353,CGCCCTAGTCTCCTCTCTCTC,CTCAAGCTGAAGCTCGGAGT
RhAB28,GCAGATGTTATTCATGTTAA,CCAAGTATTTTAGTTTCTTC
695,AGAAAAGCGAAAGCACAAGC,CTTAAATGCGCCACCAATTT
508,GAACTCAAGGAGGGATAACGAA,ATCTCTCATCGGAATGTGGG
C139,AAAACCGCACACACACACTC,GTCGTCCGAGCAGAAGGAT
Rw14H21,ATCATGTGCAGTCTCCTGGT,AATTGTGGGCTGGAAATATG
679,GAGTGGTCTATGGCCGGTAA,AGTGCGCACAAATCAATCAG
Rog9,TCCTGAAAACGAAGCCTCC,TTCTCCGCCCTATCCAATG
434,CTCTTTCGGGTCATAGCTCG,GTGGACGTAGTCTCCCGCTA
CL2980-1,CCCTATTCGATTTCGAGTGC,ACTTGGCTCGACGGATACAC
RW35C24,GGCGAATCGAGATTCAGAGA,GGATTAGCCCAAGTCCAGGT
588,CCCAGAAAAACCCAAAACAA,TCGAAATTGGTGACGTTCAA
682,TTCTTGAGCTAAAAGTGCATCG,CAGATCCAAACCGAACCCTA
593,TAACCAGGTCCTCACGAAGG,AACAAATCCCCCAGGATAGG
609,GGGCATTGTCCATCTCTCTC,CTGTCTCCGTGGGTTATGGT
648,CCTAAAGCTTAAGCCCCCAA,GCAATAGACTTGGCAGCCTC
Rw5G14,TGGTTTGGGGTTTTGTGTCT,GCACAGTCTCCACCTGACAA
506,AAGAAAGGAAAAACTGATAGGGC,AATGACTAGATCAACCGGCG
550,CTCCAGCGGTTCTGTTCTGT,ACCAAGAGGAGAGGCAGTGA
623,CATAACCCGGATTCCACAAC,CGAGATCAGCAGCACCATTA
625,GGCGTCTCTCACATCTCAAA,AAGATCTTCTCTCCGGCCTT
510,AGAGGTTTAGGGCAGCCATT,GCGAATGATGGTGGAGAGTT
H24D11,CCTCCTCAGCTTTCCTCCTT,CAGCAACCATCTCTTCGTGA
669,GACGGGTAGAAGCGGTGATA,CCAGACTCGAATCCGTCATT
310,GGAGTCGAGATCACCTGAGA,GGCTGGAGAAGCTGAAATTG
Rog3,ATCATAGCAATGGTGGCA,AATCGCAGGACTAAACAAAC
Rh58,ACAATTTAGTGCGGATAGAACAAC,GGAAAGCCCGAAAGCGTAAGC
369,TGCCACACACTTGAGTCCAT,AAACAACATGCTACTCCGGC
509,CAACTGGGTTGGGTCAGTCT,TCAAATGTACCTTGCGCTTG
571,AAAGTAAATAAAACAAAAACAGGCG,GGGTCTGGTGGAGTAGACGA
636,CATTTTCCCAACAAGTCGGT,AGCTGGTGGAGTTGCTCTGT
651,TCTGAGCACGACTCAACAGG,AGGCATGTAATGCTGTGGGT
Rh48,GATAGTTTCTCTGTACCCCACCTA,TTGACCAGCTGCAACAAAATTAGA
Rh73,GGTTAGACGGGTGGAAGAAG,ACTGCCGATAGAAGTATTTCATCA
381,GACCCTCTAAGCGATAGGGC,GCAACAAGAACCAGCACAGA
305,GATGCTGAGCAGAGCAACAG,GTTGCTCGGGTTGTGAAACT
Rw10M24,TTAATCCAAGGTCAAAGCTG,TCTCTTTCCCTCCTCACTCT
386,TCTTCCCCTAACGTCGTGTC,CTCATCATCACCACCACCTG
405,CAGCGAAAAGAACAAGGACC,CAGAAGCTAATAAATTAACAATCACCA
H10D03,CAATTCAAAACCACCGCTCT,CGCAGAGTCAACGAACCATA
334,TCTTTCAGGCCTCTCACCTT,AAACGACGAAGCACCTCACT
431,CTTTCGAGGGTGTTTTCGAG,ATCTTCGGATTGCTCACCAC
301,GACAACACCAACTAGAACTTGAGC,GCTCAACAGCAACAACCTCA
357,ATCATTAAAGGTTGGTCGCC,CTTTGGGCTGTTTCACATCA
433,CGAGATGACCTGTAATTCTATCCA,TCTTCATGATCCTGCTGACG
662,GCTTTGTCTGTGATGGCGTA,TCACTTTGAGGGCAAATTCC
502,CTGTGTGACAGTGCATTCTGAG,TTCAAGATGGACATGCCGTA
CTG329,ATTTTGAAATCGGTGGGTGA,CGGAGAATCCATGAAGCAAT
549,TGGAGGAGAAGGAGAAACGA,ATGTACTTGTGGCTCGGACC
650,ACGAGCCTTTGTTGCCCT,CCTGTTGAGTCGTGCTCAGA
586,TCCTTGATGCCTGCTTTCTT,GGTGGAGTTCTTGTTGGCAT
670,TCATTAATGCCTCCTCCTTCTC,TTTGGGAATCTCCCTCTGTG
610,ACACCCGAAACTGAAACACC,ATAGGAAATGGTGCGGTGAG
Rh72,CCAAAAGACGCAACCCTACCATAA,TCAAAACGCATGATGCTTCCACTG
Rog10,TTGAAGTAGGTGTTGCCG,TTCCTGAAAACGAAGCCT
376,TCCCCCAAAACCAAAATACA,TCCTCGTGGAAGAGCAAAGT
643,AAACTTGCCACCATGTCCTC,AACTCATCGGTGATCTTGCC
529,CAGAAAAGTACTGTTGGTTCTTCC,TCCTTCAAGCTAAGGCCAGA
460,CGCTTCCTCCATCAATCAAT,ATCTGCACCTGTCTCTGGCT
594,GGCCTGAGGTGCTTCTTCTA,ATGAGACCAATCTGCCAACC
598,GAGAGAGGAAAAGGGTGGCT,GGCACATGTTTGGTGAGATG
317,ATTCTCAAATCCAGCGAACG,CCGAAATTGCCAGATCCTAT
Rw11E5,GATACCGCGAAGGTGTAGT,GAGTGAAAACTCTGCAATCA
RH79,TTCTTCTTGCTCGCCATTTTGATT,GAACGTCCACCACCACCCACTCTG
406,GGAGCCTCCACTACCCCC,CACAGTCTTCTTGTTCGCCA
Rw25J16,TGGACCTTCCCTTTGTTTCC,GCTTGCCCACATATTGTTGA
642,GAGGGAGATCACGGACATTC,TTCTGATCCCCAACCTGTTC
RMS009,ATTGGCAAAAGATTCTCCTAC,ACTTGGTAATTTCGAGCATAA
RMS006,ACCGGTCTCATCTTTCCATTG,GTAGGTCGGTCCGTCTGTCA
RMS008,TCTCTGCGACAAAAACAAACACT,CCATGAAGCGGCGGAGAGGA
645,TTGCGTAGGAGAGCTCCATT,TTCGATTCAGACCCAACTCC
RMS003,TGGGAAAGGGAAAGCAACA,AAGGTAGGCAGAAGTGACAGACAT
Rw23H5,AAGCTCTGCCATTGTCCACT,GCCCCTCCAAACTTAACCTC
628,AACGAACGAGTTGGAGTTGG,ATTGCACAGCATTATCAGCG
RH85,ACTTTTGGGCGTTCATCGCATTACAC,GGCTATATGGGCTCAAGTCTAGACAA
RH98,GGCCTCTAGAGTTTGGGATAGCAG,ACGACGTCAATAACTCCATCAGTC
RW1F9,GTTGAAGGTAATAAATAACTGAAG,CAAGGGACGGTAATAAAATC
Rw34L6,CTCCTTTAGACTCGGGACCA,CAGGCACGCCATTTCTAACT
528,ACAGGCCTCTGTTCACCATC,GGATGGGACATCCAAGTCAT
465,ACGCAGCAAACACAGCATAC,TGTTCGATGTACTGCAAGGC
653,CAACCCGCCAATACTGAACT,TGGTCTGATGGGGTAGAAGG
701,TGGCTTGCTCTTTCTGTGTG,ATGGGACTCGCTTTGAGAGA
Rog27,CTGGTGGAATATTTCATGC,TGGAATACAGAATCAAGAACA
Rw8B8,GGTAACCAACTTAGCGTTGA,ATGGCTGCTTCTCTCCTT
373,ACAAACTTCGCGATTCCTCT,AGTTCCAGACGTTGGAGTGC
637,GCCGTAATTCGTGGAAAGAA,ATGCCACCAGAACCTTGAAC
327,ACTCCTCCAAAGCTTCACCA,CCTCATCGACAGAGTCGTCA
CL2980,GTGCTGTCTTCCTCTTTTTC,ACCAGTGACAGACCATTCTC
Rw55C6,GTGGATTTTCAGAGATACGC,TCACAGACAGGACCACCTAT
476,GGGAGTGATGTTTGTGTGAGG,GAATTCCGAGTCCAACGAAA
634,CACGAGCTGAACTGACCACT,TGCTAGGGAACTGGAGGAAA
352,GGAGATCGAAGGAAGCTTGA,CCTCATTGCCCTGGTTCTTA
541,CTACTCCAATGTCCGCTTCC,GTTGGAGAAGAAGCCGTGAG
490,ACAACCAACCCAAGAACTCG,TCCCAGCTTCAGTCTCACCT
517,TGCACCGAAAAATGGTGTAA,AAAACGTTAAGGGTGGGAGC
CTG623,CCTGACCCAACAAGAGTAAT,TGAGAAAGAAAGGAAGCAA
CL2996,GCCACCATAGCCAGAGACAT,AGAAGAAGTTGACGACAGGGAC
521,GTTCCAGCAGCACTCCAAGT,AGAGGGGATTAGCTGCACTG
632,AACTCATGGGTTCGTTGAGC,GGTTGCGGAGAGAGAACAAG
H22E04,GACATCACCACCACCACAAG,AACCAAGGTTTCCAGTTCCA
555,AAAGCAAGAAGCAGTTTCAGTG,CCTCTCAATCGGGACTTCTG
RH52BU79,GCTAAGAATGAGTGGGTGA,AACGGAAATGAGGATGAA
RW5D11,CAGATTCGCCGTAGCCCTTAC,ATCCGAACCCCGACCTGAC
308,AAATTAGGTCTTGGAAATTTGGG,ATCACCTTCTGCTGAAACGG
596,CGAGGAAAAACCCAAAATCC,TGGAAGCAAGAAAAGGCAGT
629,CACGAGCTCTCTCTCCCCTA,TTGGTCTGTGAAGTGGTGGA
686,CACGAGTGTCACTGTTGCCT,AGAATTGGCTTAGCTTGGCA
302,CAAAGTCCCTTCCATTTCCA,TGTTGGATTTGCCTCCTTTC
631,GAGCACCACAACCTCCTCAT,TCGTGGAGAGGAGAGGAAGA
CL3881,GACAACGACCACACCACTTG,CCAAAGCAACATTGTCAAAAGA
Rh93,GCTTTGCTGCATGGTTAGGTTG,TTCTTTTTGTCGTTCTGGGATGTG
707,CCCTCTTGACATCACAACCA,AGCTTTGAAGCCCTTGTTGA
Rw22A3,AGAGAATTGAAAAGGGCAAG,GAGCAAGCAAGACACTGTAA
468,ACCATAGCCAGAGACATGGG,GGGCAGAGAAGAAGTTGACG
401,CCTCCTTCTCAAACTCGCAC,TCTGCTTTCCTTTGCTCCAT
408,GGAGTGAAACAAGGGAGAGTG,GCTTGTTGGTCTCGAACCTC
700,TCCTCCTTTTAATCCCTCGC,GAATCCATCAACTGGGTGCT
379,GTCATCAAGGAGGACCAGGA,GATCAGCGACCACCATGTC
689,TTTCCCCATTTCCCCTAAAC,GTTGTTGCTGTTCCCAACCT
304,GGGTCGGACTGGAAATAAGA,CTTTCTCTCTGATCGCCTGC
501,GACAGACAGAGCTGCAGACAA,GTTGAAAGCCCCAAAACCTT
H23O17,ACACCAAGCAAACCAAAACC,AGCACGAAAACCGAGAGAGA
397,GGCCTAGCAAAGCAACAAAC,AGTGGAGGGCAGTCTCTGAA
398,GCAAAAGCACCAACCAAAAA,CTCGATGTGAGGGATGACCT
365,GAGAAAGTTCGCGTCTTTGG,GAGGAGAGAGACGCTTGCAG
Rog18,ACACGCACACTCTCTTCTACTC,GTTTCCCAGCCTTCACCT
RH24AB18,ATCGCCCTTTGATATTGT,CGTTGGCTTGTTGTTGTA
342,GATTAAAGAATTGAGCAAACACTTG,CCACTGTGTCCAGAAGCTCA
660,CCCGCTTTCCTTCTTAGCTC,TGGTTGTGGTTGTGTCCTGT
Rh80,CATGCCAAACGAAATGAGTTA,TTATCTAAAGGGCTGCTGTAAGTT
Rh59,CGCGGATGAAGCTAGTGAATCAGT,CTAGCCCATCTCAGTATCCCTCACC
RMS001,TTCAAAATTGCTGCCCCCTTAG,TACCAGTTGAGTGAGAAATAGTT
RMS012,ATAGAAAAATAGAGGGGGTGTG,GATCGAAAAGTGGTCAAAATA
